3months_use_per_week,life_satisfaction_0to10
1,7.171249127704117
2,7.1377425526100025
3,7.015151515151516
4,7.202105263157895
5,6.722222222222222
